{"cameraMode":{"drawMode":0,"name":"Shaded","section":"Shading Mode"},"sceneLighting":false,"audioPlay":false,"sceneViewState":{"m_AlwaysRefresh":false,"showFog":false,"showSkybox":false,"showFlares":false,"showImageEffects":false,"showParticleSystems":false,"showVisualEffectGraphs":true,"m_FxEnabled":true},"in2DMode":false,"pivot":{"x":-0.03705340623855591,"y":0.7739291191101074,"z":0.4746570289134979},"rotation":{"x":-0.0014387686969712377,"y":0.9979988932609558,"z":-0.05875960737466812,"w":-0.024923112243413926},"size":1.3609236478805543,"orthographic":false}